who_region_code,date,cases,deaths
AFRO,2020-01-24,4,0
AFRO,2020-01-25,6,0
AFRO,2020-01-26,6,0
AFRO,2020-01-27,6,0
AFRO,2020-01-28,8,0
AFRO,2020-01-29,10,0
AFRO,2020-01-30,10,0
AFRO,2020-01-31,10,0
AFRO,2020-02-01,12,0
AFRO,2020-02-02,12,0
AFRO,2020-02-03,12,0
AFRO,2020-02-04,12,0
AFRO,2020-02-05,12,0
AFRO,2020-02-06,12,0
AFRO,2020-02-07,12,0
AFRO,2020-02-08,22,0
AFRO,2020-02-09,22,0
AFRO,2020-02-10,22,0
AFRO,2020-02-11,22,0
AFRO,2020-02-12,22,0
AFRO,2020-02-13,22,0
AFRO,2020-02-14,22,0
AFRO,2020-02-15,24,2
AFRO,2020-02-16,24,2
AFRO,2020-02-17,24,2
AFRO,2020-02-18,24,2
AFRO,2020-02-19,24,2
AFRO,2020-02-20,24,2
AFRO,2020-02-21,24,2
AFRO,2020-02-22,24,2
AFRO,2020-02-23,24,2
AFRO,2020-02-24,24,2
AFRO,2020-02-25,29,2
AFRO,2020-02-26,37,4
AFRO,2020-02-27,77,4
AFRO,2020-02-28,116,4
AFRO,2020-02-29,202,4
AFRO,2020-03-01,262,4
AFRO,2020-03-02,387,6
AFRO,2020-03-03,416,8
AFRO,2020-03-04,593,8
AFRO,2020-03-05,778,12
AFRO,2020-03-06,1337,18
AFRO,2020-03-07,1943,22
AFRO,2020-03-08,2302,38
AFRO,2020-03-09,2470,38
AFRO,2020-03-10,3625,66
AFRO,2020-03-11,4632,96
AFRO,2020-03-12,4640,97
AFRO,2020-03-13,7435,160
AFRO,2020-03-14,9101,185
AFRO,2020-03-15,9220,186
AFRO,2020-03-16,13565,302
AFRO,2020-03-17,15654,302
AFRO,2020-03-18,18571,306
AFRO,2020-03-19,22359,498
AFRO,2020-03-20,26065,915
AFRO,2020-03-21,29644,1147
AFRO,2020-03-22,33402,1378
AFRO,2020-03-23,41460,1754
AFRO,2020-03-24,46800,2238
AFRO,2020-03-25,53103,2706
AFRO,2020-03-26,61444,3445
AFRO,2020-03-27,69562,4049
AFRO,2020-03-28,79154,4698
AFRO,2020-03-29,84767,5299
AFRO,2020-03-30,93977,6149
AFRO,2020-03-31,109662,7170
AFRO,2020-04-01,119967,8957
AFRO,2020-04-02,124798,10964
AFRO,2020-04-03,135969,13236
AFRO,2020-04-04,144965,15380
AFRO,2020-04-05,149262,16457
AFRO,2020-04-06,157523,18149
AFRO,2020-04-07,165573,21009
AFRO,2020-04-08,173909,22124
AFRO,2020-04-09,183083,24839
AFRO,2020-04-10,192268,26851
AFRO,2020-04-11,198937,28153
AFRO,2020-04-12,253205,29298
AFRO,2020-04-13,260977,30473
AFRO,2020-04-14,271499,31987
AFRO,2020-04-15,278464,34890
AFRO,2020-04-16,303986,36433
AFRO,2020-04-17,308739,37990
AFRO,2020-04-18,309687,39290
AFRO,2020-04-19,320304,40123
AFRO,2020-04-20,325742,41239
AFRO,2020-04-21,331879,42315
AFRO,2020-04-22,328404,43437
AFRO,2020-04-23,334048,44497
AFRO,2020-04-24,338644,45294
AFRO,2020-04-25,342766,46066
AFRO,2020-04-26,344974,46577
AFRO,2020-04-27,353379,47464
AFRO,2020-04-28,360658,48228
AFRO,2020-04-29,357235,49120
AFRO,2020-04-30,360277,49725
AFRO,2020-05-01,361430,50199
AFRO,2020-05-02,365439,50578
AFRO,2020-05-03,367287,50873
AFRO,2020-05-04,370634,51511
AFRO,2020-05-05,374139,52218
AFRO,2020-05-06,383063,52841
AFRO,2020-05-07,386265,53242
AFRO,2020-05-08,391793,53777
AFRO,2020-05-09,394810,53984
AFRO,2020-05-10,397293,54171
AFRO,2020-05-11,400448,54738
AFRO,2020-05-12,404457,55468
AFRO,2020-05-13,406415,55710
AFRO,2020-05-14,410422,56463
AFRO,2020-05-15,414004,56710
AFRO,2020-05-16,416329,56764
AFRO,2020-05-17,418670,57954
AFRO,2020-05-18,421978,58261
AFRO,2020-05-19,425812,57878
AFRO,2020-05-20,429863,58155
AFRO,2020-05-21,433552,58397
AFRO,2020-05-22,437103,58606
AFRO,2020-05-23,440601,58726
AFRO,2020-05-24,443722,58844
AFRO,2020-05-25,447268,59115
AFRO,2020-05-26,449532,59357
AMRO,2020-01-22,3,0
AMRO,2020-01-23,3,0
AMRO,2020-01-24,18,0
AMRO,2020-01-25,24,0
AMRO,2020-01-26,34,0
AMRO,2020-01-27,34,0
AMRO,2020-01-28,41,0
AMRO,2020-01-29,47,0
AMRO,2020-01-30,47,0
AMRO,2020-01-31,69,0
AMRO,2020-02-01,78,0
AMRO,2020-02-02,78,0
AMRO,2020-02-03,87,0
AMRO,2020-02-04,87,0
AMRO,2020-02-05,88,0
AMRO,2020-02-06,88,0
AMRO,2020-02-07,97,0
AMRO,2020-02-08,127,0
AMRO,2020-02-09,127,0
AMRO,2020-02-10,162,0
AMRO,2020-02-11,165,0
AMRO,2020-02-12,172,0
AMRO,2020-02-13,175,0
AMRO,2020-02-14,175,0
AMRO,2020-02-15,181,6
AMRO,2020-02-16,181,6
AMRO,2020-02-17,182,6
AMRO,2020-02-18,182,6
AMRO,2020-02-19,182,6
AMRO,2020-02-20,182,6
AMRO,2020-02-21,189,6
AMRO,2020-02-22,189,6
AMRO,2020-02-23,189,6
AMRO,2020-02-24,326,6
AMRO,2020-02-25,339,6
AMRO,2020-02-26,382,12
AMRO,2020-02-27,525,12
AMRO,2020-02-28,682,12
AMRO,2020-02-29,1015,15
AMRO,2020-03-01,1332,15
AMRO,2020-03-02,1833,36
AMRO,2020-03-03,2078,45
AMRO,2020-03-04,2984,57
AMRO,2020-03-05,4142,72
AMRO,2020-03-06,6489,107
AMRO,2020-03-07,9267,135
AMRO,2020-03-08,11494,204
AMRO,2020-03-09,12783,215
AMRO,2020-03-10,18058,349
AMRO,2020-03-11,23107,468
AMRO,2020-03-12,24301,501
AMRO,2020-03-13,38053,739
AMRO,2020-03-14,47711,977
AMRO,2020-03-15,51202,1156
AMRO,2020-03-16,71889,1763
AMRO,2020-03-17,87851,2056
AMRO,2020-03-18,106978,2453
AMRO,2020-03-19,138848,3692
AMRO,2020-03-20,178292,5593
AMRO,2020-03-21,218701,7071
AMRO,2020-03-22,261120,8627
AMRO,2020-03-23,326805,11017
AMRO,2020-03-24,387002,14458
AMRO,2020-03-25,455986,18426
AMRO,2020-03-26,555301,23474
AMRO,2020-03-27,660268,29391
AMRO,2020-03-28,773297,35236
AMRO,2020-03-29,870228,41128
AMRO,2020-03-30,985408,49041
AMRO,2020-03-31,1137919,59065
AMRO,2020-04-01,1282398,73129
AMRO,2020-04-02,1425741,88742
AMRO,2020-04-03,1592199,105189
AMRO,2020-04-04,1751209,122544
AMRO,2020-04-05,1898026,135313
AMRO,2020-04-06,2044434,149526
AMRO,2020-04-07,2193455,173351
AMRO,2020-04-08,2361152,190995
AMRO,2020-04-09,2533250,213766
AMRO,2020-04-10,2734390,234734
AMRO,2020-04-11,2890037,251272
AMRO,2020-04-12,3183638,265264
AMRO,2020-04-13,3322351,279903
AMRO,2020-04-14,3478794,299845
AMRO,2020-04-15,3627929,323081
AMRO,2020-04-16,3841527,342373
AMRO,2020-04-17,4002765,362291
AMRO,2020-04-18,4151580,382070
AMRO,2020-04-19,4312161,392212
AMRO,2020-04-20,4447331,405370
AMRO,2020-04-21,4586193,425207
AMRO,2020-04-22,4701853,442499
AMRO,2020-04-23,4848973,458941
AMRO,2020-04-24,5029278,474944
AMRO,2020-04-25,5187957,491052
AMRO,2020-04-26,5318169,499557
AMRO,2020-04-27,5449547,509483
AMRO,2020-04-28,5583325,525745
AMRO,2020-04-29,5694563,543220
AMRO,2020-04-30,5848128,557082
AMRO,2020-05-01,6011304,570848
AMRO,2020-05-02,6155529,581884
AMRO,2020-05-03,6282777,589960
AMRO,2020-05-04,6398071,598408
AMRO,2020-05-05,6524871,613182
AMRO,2020-05-06,6685164,627917
AMRO,2020-05-07,6831563,640947
AMRO,2020-05-08,6973420,653015
AMRO,2020-05-09,7101048,662144
AMRO,2020-05-10,7206324,667992
AMRO,2020-05-11,7306633,675491
AMRO,2020-05-12,7419829,688898
AMRO,2020-05-13,7529475,699746
AMRO,2020-05-14,7667225,711693
AMRO,2020-05-15,7802211,721916
AMRO,2020-05-16,7928248,730363
AMRO,2020-05-17,8029793,738425
AMRO,2020-05-18,8141580,743970
AMRO,2020-05-19,8256863,753098
AMRO,2020-05-20,8363203,762660
AMRO,2020-05-21,8494496,771441
AMRO,2020-05-22,8627972,780141
AMRO,2020-05-23,8748937,787320
AMRO,2020-05-24,8860341,791440
AMRO,2020-05-25,8959744,795897
AMRO,2020-05-26,9077432,801401
Conveyance,2020-02-07,61,0
Conveyance,2020-02-08,61,0
Conveyance,2020-02-09,64,0
Conveyance,2020-02-10,135,0
Conveyance,2020-02-11,135,0
Conveyance,2020-02-12,175,0
Conveyance,2020-02-13,175,0
Conveyance,2020-02-14,218,0
Conveyance,2020-02-15,285,0
Conveyance,2020-02-16,355,0
Conveyance,2020-02-17,454,0
Conveyance,2020-02-18,542,0
Conveyance,2020-02-19,621,0
Conveyance,2020-02-20,634,2
Conveyance,2020-02-21,634,2
Conveyance,2020-02-22,634,2
Conveyance,2020-02-23,691,3
Conveyance,2020-02-24,691,3
Conveyance,2020-02-25,691,3
Conveyance,2020-02-26,705,4
Conveyance,2020-02-27,705,4
Conveyance,2020-02-28,705,6
Conveyance,2020-02-29,705,6
Conveyance,2020-03-01,705,6
Conveyance,2020-03-02,705,6
Conveyance,2020-03-03,706,6
Conveyance,2020-03-04,706,6
Conveyance,2020-03-05,706,6
Conveyance,2020-03-06,706,6
Conveyance,2020-03-07,706,6
Conveyance,2020-03-08,706,6
Conveyance,2020-03-09,706,6
Conveyance,2020-03-10,706,6
Conveyance,2020-03-11,706,7
Conveyance,2020-03-12,706,7
Conveyance,2020-03-13,706,7
Conveyance,2020-03-14,706,7
Conveyance,2020-03-15,706,7
Conveyance,2020-03-16,706,7
Conveyance,2020-03-17,706,7
Conveyance,2020-03-18,712,7
Conveyance,2020-03-19,712,7
Conveyance,2020-03-20,712,7
Conveyance,2020-03-21,712,8
Conveyance,2020-03-22,712,8
Conveyance,2020-03-23,712,8
Conveyance,2020-03-24,712,10
Conveyance,2020-03-25,712,10
Conveyance,2020-03-26,712,10
Conveyance,2020-03-27,712,10
Conveyance,2020-03-28,714,10
Conveyance,2020-03-29,714,10
Conveyance,2020-03-30,714,10
Conveyance,2020-03-31,714,10
Conveyance,2020-04-01,721,13
Conveyance,2020-04-02,721,13
Conveyance,2020-04-03,721,13
Conveyance,2020-04-04,721,13
Conveyance,2020-04-05,721,13
Conveyance,2020-04-06,721,13
Conveyance,2020-04-07,721,13
Conveyance,2020-04-08,721,13
Conveyance,2020-04-09,721,13
Conveyance,2020-04-10,721,13
Conveyance,2020-04-11,721,13
Conveyance,2020-04-12,721,13
Conveyance,2020-04-13,721,13
Conveyance,2020-04-14,721,14
Conveyance,2020-04-15,721,14
Conveyance,2020-04-16,721,14
Conveyance,2020-04-17,721,15
Conveyance,2020-04-18,721,15
Conveyance,2020-04-19,721,15
Conveyance,2020-04-20,721,15
Conveyance,2020-04-21,721,15
Conveyance,2020-04-22,721,15
Conveyance,2020-04-23,721,15
Conveyance,2020-04-24,721,15
Conveyance,2020-04-25,721,15
Conveyance,2020-04-26,721,15
Conveyance,2020-04-27,721,15
Conveyance,2020-04-28,721,15
Conveyance,2020-04-29,721,15
Conveyance,2020-04-30,721,15
Conveyance,2020-05-01,721,15
Conveyance,2020-05-02,721,15
Conveyance,2020-05-03,721,15
Conveyance,2020-05-04,721,15
Conveyance,2020-05-05,721,15
Conveyance,2020-05-06,721,15
Conveyance,2020-05-07,721,15
Conveyance,2020-05-08,721,15
Conveyance,2020-05-09,721,15
Conveyance,2020-05-10,721,15
Conveyance,2020-05-11,721,15
Conveyance,2020-05-12,721,15
Conveyance,2020-05-13,721,15
Conveyance,2020-05-14,721,15
Conveyance,2020-05-15,721,15
Conveyance,2020-05-16,721,15
Conveyance,2020-05-17,721,15
Conveyance,2020-05-18,721,15
Conveyance,2020-05-19,721,15
Conveyance,2020-05-20,721,15
Conveyance,2020-05-21,721,15
Conveyance,2020-05-22,721,15
Conveyance,2020-05-23,721,15
Conveyance,2020-05-24,721,15
Conveyance,2020-05-25,721,15
Conveyance,2020-05-26,721,15
EMRO,2020-01-29,4,0
EMRO,2020-01-30,4,0
EMRO,2020-01-31,4,0
EMRO,2020-02-01,4,0
EMRO,2020-02-02,5,0
EMRO,2020-02-03,5,0
EMRO,2020-02-04,5,0
EMRO,2020-02-05,5,0
EMRO,2020-02-06,5,0
EMRO,2020-02-07,5,0
EMRO,2020-02-08,7,0
EMRO,2020-02-09,7,0
EMRO,2020-02-10,8,0
EMRO,2020-02-11,8,0
EMRO,2020-02-12,8,0
EMRO,2020-02-13,8,0
EMRO,2020-02-14,9,0
EMRO,2020-02-15,9,0
EMRO,2020-02-16,10,0
EMRO,2020-02-17,10,0
EMRO,2020-02-18,10,0
EMRO,2020-02-19,12,2
EMRO,2020-02-20,15,2
EMRO,2020-02-21,29,4
EMRO,2020-02-22,43,5
EMRO,2020-02-23,58,8
EMRO,2020-02-24,82,12
EMRO,2020-02-25,148,16
EMRO,2020-02-26,226,19
EMRO,2020-02-27,351,26
EMRO,2020-02-28,505,34
EMRO,2020-02-29,730,43
EMRO,2020-03-01,1136,54
EMRO,2020-03-02,1684,66
EMRO,2020-03-03,2543,77
EMRO,2020-03-04,3140,94
EMRO,2020-03-05,3752,109
EMRO,2020-03-06,5018,127
EMRO,2020-03-07,6161,149
EMRO,2020-03-08,6974,201
EMRO,2020-03-09,7595,244
EMRO,2020-03-10,8584,301
EMRO,2020-03-11,9903,366
EMRO,2020-03-12,11030,442
EMRO,2020-03-13,12498,530
EMRO,2020-03-14,14013,628
EMRO,2020-03-15,15386,741
EMRO,2020-03-16,16652,871
EMRO,2020-03-17,18124,1010
EMRO,2020-03-18,19523,1160
EMRO,2020-03-19,21055,1314
EMRO,2020-03-20,22538,1473
EMRO,2020-03-21,23911,1598
EMRO,2020-03-22,25356,1741
EMRO,2020-03-23,27181,1877
EMRO,2020-03-24,29607,2009
EMRO,2020-03-25,32432,2163
EMRO,2020-03-26,35405,2341
EMRO,2020-03-27,39015,2512
EMRO,2020-03-28,42685,2666
EMRO,2020-03-29,46247,2806
EMRO,2020-03-30,50128,2949
EMRO,2020-03-31,54113,3115
EMRO,2020-04-01,57953,3277
EMRO,2020-04-02,62070,3434
EMRO,2020-04-03,66065,3596
EMRO,2020-04-04,69894,3781
EMRO,2020-04-05,74044,3972
EMRO,2020-04-06,78258,4145
EMRO,2020-04-07,81875,4313
EMRO,2020-04-08,85254,4456
EMRO,2020-04-09,88470,4605
EMRO,2020-04-10,92005,4765
EMRO,2020-04-11,95864,4943
EMRO,2020-04-12,99440,5103
EMRO,2020-04-13,103330,5250
EMRO,2020-04-14,107081,5382
EMRO,2020-04-15,111183,5515
EMRO,2020-04-16,115662,5654
EMRO,2020-04-17,120104,5777
EMRO,2020-04-18,124240,5892
EMRO,2020-04-19,129201,6039
EMRO,2020-04-20,133574,6168
EMRO,2020-04-21,138990,6310
EMRO,2020-04-22,143887,6451
EMRO,2020-04-23,149348,6611
EMRO,2020-04-24,154877,6750
EMRO,2020-04-25,160492,6885
EMRO,2020-04-26,165883,6991
EMRO,2020-04-27,171156,7145
EMRO,2020-04-28,176513,7287
EMRO,2020-04-29,182183,7444
EMRO,2020-04-30,188486,7598
EMRO,2020-05-01,194821,7737
EMRO,2020-05-02,200524,7871
EMRO,2020-05-03,206642,7986
EMRO,2020-05-04,212973,8121
EMRO,2020-05-05,220405,8277
EMRO,2020-05-06,228970,8462
EMRO,2020-05-07,235803,8597
EMRO,2020-05-08,244912,8729
EMRO,2020-05-09,254280,8868
EMRO,2020-05-10,263946,9002
EMRO,2020-05-11,273346,9130
EMRO,2020-05-12,283870,9256
EMRO,2020-05-13,293196,9382
EMRO,2020-05-14,302740,9503
EMRO,2020-05-15,314734,9683
EMRO,2020-05-16,324643,9797
EMRO,2020-05-17,335526,9933
EMRO,2020-05-18,347525,10089
EMRO,2020-05-19,360009,10245
EMRO,2020-05-20,372739,10418
EMRO,2020-05-21,386260,10583
EMRO,2020-05-22,400347,10763
EMRO,2020-05-23,412869,10951
EMRO,2020-05-24,425383,11127
EMRO,2020-05-25,436703,11259
EMRO,2020-05-26,447246,11401
EURO,2020-01-24,2,0
EURO,2020-01-25,3,0
EURO,2020-01-26,3,0
EURO,2020-01-27,4,0
EURO,2020-01-28,8,0
EURO,2020-01-29,10,0
EURO,2020-01-30,10,0
EURO,2020-01-31,22,0
EURO,2020-02-01,27,0
EURO,2020-02-02,29,0
EURO,2020-02-03,31,0
EURO,2020-02-04,32,0
EURO,2020-02-05,32,0
EURO,2020-02-06,32,0
EURO,2020-02-07,37,0
EURO,2020-02-08,42,0
EURO,2020-02-09,44,0
EURO,2020-02-10,59,0
EURO,2020-02-11,61,0
EURO,2020-02-12,64,0
EURO,2020-02-13,64,0
EURO,2020-02-14,64,0
EURO,2020-02-15,65,1
EURO,2020-02-16,65,1
EURO,2020-02-17,65,1
EURO,2020-02-18,65,1
EURO,2020-02-19,65,1
EURO,2020-02-20,65,1
EURO,2020-02-21,83,2
EURO,2020-02-22,125,3
EURO,2020-02-23,218,4
EURO,2020-02-24,304,8
EURO,2020-02-25,408,11
EURO,2020-02-26,570,14
EURO,2020-02-27,841,19
EURO,2020-02-28,1141,23
EURO,2020-02-29,1526,31
EURO,2020-03-01,2300,36
EURO,2020-03-02,2835,55
EURO,2020-03-03,3492,85
EURO,2020-03-04,4557,114
EURO,2020-03-05,6027,159
EURO,2020-03-06,7941,217
EURO,2020-03-07,10180,263
EURO,2020-03-08,12911,414
EURO,2020-03-09,15903,527
EURO,2020-03-10,19793,731
EURO,2020-03-11,25381,972
EURO,2020-03-12,29138,1171
EURO,2020-03-13,41716,1554
EURO,2020-03-14,50719,1878
EURO,2020-03-15,59270,2407
EURO,2020-03-16,71031,2953
EURO,2020-03-17,83300,3591
EURO,2020-03-18,98629,4298
EURO,2020-03-19,117679,5231
EURO,2020-03-20,141334,6495
EURO,2020-03-21,165659,8047
EURO,2020-03-22,187146,9444
EURO,2020-03-23,215268,11167
EURO,2020-03-24,242709,13313
EURO,2020-03-25,277430,15934
EURO,2020-03-26,318770,18626
EURO,2020-03-27,363214,21905
EURO,2020-03-28,407811,25281
EURO,2020-03-29,445246,28295
EURO,2020-03-30,484202,32122
EURO,2020-03-31,529623,36194
EURO,2020-04-01,578594,41505
EURO,2020-04-02,626909,47106
EURO,2020-04-03,677439,52838
EURO,2020-04-04,722923,58469
EURO,2020-04-05,769287,62935
EURO,2020-04-06,808753,67732
EURO,2020-04-07,850418,74948
EURO,2020-04-08,901232,81111
EURO,2020-04-09,948790,88245
EURO,2020-04-10,1010671,95136
EURO,2020-04-11,1057960,100266
EURO,2020-04-12,1127268,104991
EURO,2020-04-13,1167011,109869
EURO,2020-04-14,1209032,115691
EURO,2020-04-15,1255063,122508
EURO,2020-04-16,1313486,128920
EURO,2020-04-17,1362877,135051
EURO,2020-04-18,1402643,140645
EURO,2020-04-19,1454703,144282
EURO,2020-04-20,1493914,148388
EURO,2020-04-21,1534943,154583
EURO,2020-04-22,1572778,159818
EURO,2020-04-23,1615071,164600
EURO,2020-04-24,1645343,170090
EURO,2020-04-25,1685147,174725
EURO,2020-04-26,1720280,177451
EURO,2020-04-27,1755189,180336
EURO,2020-04-28,1789500,185019
EURO,2020-04-29,1820400,189628
EURO,2020-04-30,1859891,193389
EURO,2020-05-01,1899062,196864
EURO,2020-05-02,1935969,200512
EURO,2020-05-03,1969523,202427
EURO,2020-05-04,2001602,204640
EURO,2020-05-05,2036194,208073
EURO,2020-05-06,2080239,211975
EURO,2020-05-07,2121176,214965
EURO,2020-05-08,2158939,218344
EURO,2020-05-09,2191709,220363
EURO,2020-05-10,2223403,221933
EURO,2020-05-11,2257025,223615
EURO,2020-05-12,2288184,226753
EURO,2020-05-13,2316687,229435
EURO,2020-05-14,2347157,232017
EURO,2020-05-15,2378261,234202
EURO,2020-05-16,2406491,236308
EURO,2020-05-17,2434240,237894
EURO,2020-05-18,2459065,239091
EURO,2020-05-19,2484233,241186
EURO,2020-05-20,2500225,243159
EURO,2020-05-21,2525217,244910
EURO,2020-05-22,2554152,247241
EURO,2020-05-23,2580042,248718
EURO,2020-05-24,2603317,249580
EURO,2020-05-25,2623156,248528
EURO,2020-05-26,2651053,249890
SEARO,2020-01-22,2,0
SEARO,2020-01-23,3,0
SEARO,2020-01-24,5,0
SEARO,2020-01-25,8,0
SEARO,2020-01-26,9,0
SEARO,2020-01-27,10,0
SEARO,2020-01-28,16,0
SEARO,2020-01-29,16,0
SEARO,2020-01-30,17,0
SEARO,2020-01-31,22,0
SEARO,2020-02-01,22,0
SEARO,2020-02-02,23,0
SEARO,2020-02-03,24,0
SEARO,2020-02-04,30,0
SEARO,2020-02-05,30,0
SEARO,2020-02-06,30,0
SEARO,2020-02-07,30,0
SEARO,2020-02-08,37,0
SEARO,2020-02-09,37,0
SEARO,2020-02-10,37,0
SEARO,2020-02-11,38,0
SEARO,2020-02-12,38,0
SEARO,2020-02-13,38,0
SEARO,2020-02-14,38,0
SEARO,2020-02-15,38,0
SEARO,2020-02-16,39,0
SEARO,2020-02-17,40,0
SEARO,2020-02-18,40,0
SEARO,2020-02-19,40,0
SEARO,2020-02-20,40,0
SEARO,2020-02-21,40,0
SEARO,2020-02-22,40,0
SEARO,2020-02-23,40,0
SEARO,2020-02-24,40,0
SEARO,2020-02-25,42,0
SEARO,2020-02-26,45,0
SEARO,2020-02-27,45,0
SEARO,2020-02-28,46,0
SEARO,2020-02-29,47,0
SEARO,2020-03-01,47,1
SEARO,2020-03-02,52,1
SEARO,2020-03-03,52,1
SEARO,2020-03-04,75,1
SEARO,2020-03-05,81,1
SEARO,2020-03-06,86,1
SEARO,2020-03-07,91,1
SEARO,2020-03-08,105,1
SEARO,2020-03-09,122,1
SEARO,2020-03-10,148,1
SEARO,2020-03-11,170,3
SEARO,2020-03-12,192,3
SEARO,2020-03-13,246,7
SEARO,2020-03-14,305,8
SEARO,2020-03-15,382,8
SEARO,2020-03-16,451,8
SEARO,2020-03-17,560,9
SEARO,2020-03-18,675,24
SEARO,2020-03-19,869,31
SEARO,2020-03-20,1044,39
SEARO,2020-03-21,1309,45
SEARO,2020-03-22,1635,58
SEARO,2020-03-23,1947,63
SEARO,2020-03-24,2208,73
SEARO,2020-03-25,2541,79
SEARO,2020-03-26,2834,107
SEARO,2020-03-27,3255,117
SEARO,2020-03-28,3581,138
SEARO,2020-03-29,3899,154
SEARO,2020-03-30,4401,170
SEARO,2020-03-31,4813,189
SEARO,2020-04-01,5690,237
SEARO,2020-04-02,6466,268
SEARO,2020-04-03,6802,283
SEARO,2020-04-04,7532,311
SEARO,2020-04-05,8349,335
SEARO,2020-04-06,9846,389
SEARO,2020-04-07,10712,422
SEARO,2020-04-08,11704,478
SEARO,2020-04-09,13018,569
SEARO,2020-04-10,14259,622
SEARO,2020-04-11,15559,690
SEARO,2020-04-12,16908,787
SEARO,2020-04-13,18714,847
SEARO,2020-04-14,20294,950
SEARO,2020-04-15,21695,978
SEARO,2020-04-16,23577,1061
SEARO,2020-04-17,25226,1139
SEARO,2020-04-18,27288,1199
SEARO,2020-04-19,29900,1291
SEARO,2020-04-20,31589,1342
SEARO,2020-04-21,33994,1431
SEARO,2020-04-22,35999,1497
SEARO,2020-04-23,38570,1557
SEARO,2020-04-24,41110,1663
SEARO,2020-04-25,43658,1748
SEARO,2020-04-26,46076,1832
SEARO,2020-04-27,48434,1920
SEARO,2020-04-28,51339,2002
SEARO,2020-04-29,54048,2094
SEARO,2020-04-30,56972,2182
SEARO,2020-05-01,60428,2261
SEARO,2020-05-02,63763,2397
SEARO,2020-05-03,67627,2481
SEARO,2020-05-04,72713,2681
SEARO,2020-05-05,77006,2819
SEARO,2020-05-06,81838,2938
SEARO,2020-05-07,86324,3091
SEARO,2020-05-08,90830,3207
SEARO,2020-05-09,95183,3348
SEARO,2020-05-10,100878,3487
SEARO,2020-05-11,105852,3598
SEARO,2020-05-12,110943,3746
SEARO,2020-05-13,116672,3923
SEARO,2020-05-14,122265,4050
SEARO,2020-05-15,127830,4202
SEARO,2020-05-16,134249,4350
SEARO,2020-05-17,141107,4578
SEARO,2020-05-18,147948,4773
SEARO,2020-05-19,155935,4970
SEARO,2020-05-20,163874,5139
SEARO,2020-05-21,172908,5348
SEARO,2020-05-22,181934,5562
SEARO,2020-05-23,191521,5749
SEARO,2020-05-24,200821,5954
SEARO,2020-05-25,209840,6145
SEARO,2020-05-26,217540,6366
WPRO,2020-01-22,1651,51
WPRO,2020-01-23,1939,54
WPRO,2020-01-24,2782,78
WPRO,2020-01-25,4245,126
WPRO,2020-01-26,6271,168
WPRO,2020-01-27,8682,246
WPRO,2020-01-28,16588,393
WPRO,2020-01-29,18328,399
WPRO,2020-01-30,24503,513
WPRO,2020-01-31,29507,639
WPRO,2020-02-01,35795,777
WPRO,2020-02-02,50018,1084
WPRO,2020-02-03,59287,1276
WPRO,2020-02-04,71273,1474
WPRO,2020-02-05,82481,1690
WPRO,2020-02-06,91934,1900
WPRO,2020-02-07,102511,2155
WPRO,2020-02-08,110644,2416
WPRO,2020-02-09,119699,2716
WPRO,2020-02-10,127284,3037
WPRO,2020-02-11,133387,3337
WPRO,2020-02-12,134511,3352
WPRO,2020-02-13,179932,4109
WPRO,2020-02-14,199331,4565
WPRO,2020-02-15,205520,4993
WPRO,2020-02-16,211842,5303
WPRO,2020-02-17,217617,5597
WPRO,2020-02-18,222961,6014
WPRO,2020-02-19,224199,6353
WPRO,2020-02-20,225657,6720
WPRO,2020-02-21,227196,6721
WPRO,2020-02-22,231795,7336
WPRO,2020-02-23,232058,7346
WPRO,2020-02-24,233068,7798
WPRO,2020-02-25,234769,8010
WPRO,2020-02-26,236337,8171
WPRO,2020-02-27,238213,8261
WPRO,2020-02-28,239829,8393
WPRO,2020-02-29,242075,8541
WPRO,2020-03-01,244493,8649
WPRO,2020-03-02,245922,8803
WPRO,2020-03-03,247272,8907
WPRO,2020-03-04,248410,9035
WPRO,2020-03-05,249765,9138
WPRO,2020-03-06,251540,9244
WPRO,2020-03-07,253308,9343
WPRO,2020-03-08,254531,9462
WPRO,2020-03-09,255232,9541
WPRO,2020-03-10,257745,9636
WPRO,2020-03-11,260208,9767
WPRO,2020-03-12,261506,9826
WPRO,2020-03-13,266226,9942
WPRO,2020-03-14,269940,10047
WPRO,2020-03-15,272954,10125
WPRO,2020-03-16,281049,10367
WPRO,2020-03-17,288940,10520
WPRO,2020-03-18,296376,10657
WPRO,2020-03-19,318624,11158
WPRO,2020-03-20,339541,11868
WPRO,2020-03-21,362887,12400
WPRO,2020-03-22,390952,13133
WPRO,2020-03-23,431198,14115
WPRO,2020-03-24,467516,15306
WPRO,2020-03-25,510391,16722
WPRO,2020-03-26,573736,18710
WPRO,2020-03-27,637055,20974
WPRO,2020-03-28,707726,23073
WPRO,2020-03-29,771932,25729
WPRO,2020-03-30,845672,28926
WPRO,2020-03-31,940527,33469
WPRO,2020-04-01,1028058,38702
WPRO,2020-04-02,1125207,44999
WPRO,2020-04-03,1232538,51264
WPRO,2020-04-04,1342152,58246
WPRO,2020-04-05,1430246,63831
WPRO,2020-04-06,1528211,70088
WPRO,2020-04-07,1629264,79846
WPRO,2020-04-08,1732906,87198
WPRO,2020-04-09,1846951,95969
WPRO,2020-04-10,1957908,104189
WPRO,2020-04-11,2055404,111535
WPRO,2020-04-12,2196494,117885
WPRO,2020-04-13,2281543,124431
WPRO,2020-04-14,2374094,133153
WPRO,2020-04-15,2468988,143548
WPRO,2020-04-16,2589668,151356
WPRO,2020-04-17,2693161,164546
WPRO,2020-04-18,2792625,172918
WPRO,2020-04-19,2882622,177248
WPRO,2020-04-20,2966820,183586
WPRO,2020-04-21,3055635,191889
WPRO,2020-04-22,3138343,199986
WPRO,2020-04-23,3231760,208032
WPRO,2020-04-24,3345358,214157
WPRO,2020-04-25,3448370,221718
WPRO,2020-04-26,3533918,225607
WPRO,2020-04-27,3610431,230522
WPRO,2020-04-28,3690189,237701
WPRO,2020-04-29,3768373,246441
WPRO,2020-04-30,3859546,253139
WPRO,2020-05-01,3963204,259457
WPRO,2020-05-02,4053878,264112
WPRO,2020-05-03,4132626,268348
WPRO,2020-05-04,4202074,272744
WPRO,2020-05-05,4277285,279874
WPRO,2020-05-06,4360484,287622
WPRO,2020-05-07,4446358,294647
WPRO,2020-05-08,4530727,299711
WPRO,2020-05-09,4609891,304742
WPRO,2020-05-10,4670993,307107
WPRO,2020-05-11,4728732,311122
WPRO,2020-05-12,4796128,316891
WPRO,2020-05-13,4860005,322391
WPRO,2020-05-14,4945003,328468
WPRO,2020-05-15,5022616,333606
WPRO,2020-05-16,5098416,337306
WPRO,2020-05-17,5156371,340916
WPRO,2020-05-18,5222379,343545
WPRO,2020-05-19,5285737,347860
WPRO,2020-05-20,5358027,352640
WPRO,2020-05-21,5435215,356610
WPRO,2020-05-22,5508418,360622
WPRO,2020-05-23,5575067,364051
WPRO,2020-05-24,5637928,366038
WPRO,2020-05-25,5696696,367735
WPRO,2020-05-26,5753108,369990
